"property_id","photo_urls"
"1000196850","[""http://ap.rdcpix.com/35903b565517c4aacae512905e5d55b1l-m3773718814s.jpg""]"
"1000489720","[""http://ap.rdcpix.com/3a8a1d2f94ab5b8c02c07b7b4eed1bcel-m2760070599s.jpg""]"
"1001073869","[""http://ap.rdcpix.com/5db6d32a8ba22d153dc7ab5df6710c1dl-m3252578509s.jpg""]"
"1001668382","[""http://ap.rdcpix.com/5098ef846eda26a378b43199f8ede06el-m39393193s.jpg""]"
"1001827227","[""http://ap.rdcpix.com/1dcd3a7380ea8ecb8630a95055f8cb8dl-m2601012224s.jpg""]"
"1001864493","[""http://ap.rdcpix.com/8616903d75e91f4ba86569c4fca524e5l-m2054618418s.jpg""]"
"1001896166","[""http://ap.rdcpix.com/0b9b6d7ec415bbe82b256251aacc734cl-m1669373483s.jpg""]"
"1002317983","[""http://ap.rdcpix.com/b8d012b2a53fd833d4146c5b365d8df3l-m1706193103s.jpg""]"
"1002900756","[""http://ap.rdcpix.com/b2dfa123a3c911059cbefc4a537ae807l-m705800270s.jpg""]"
"1003237220","[""http://ap.rdcpix.com/321b0fc67e8b8ef256fd83702b73455el-m2498764496s.jpg""]"
"1003790095","[""http://ap.rdcpix.com/c56c950872443c512fa7d2566e183e60l-m3964877601s.jpg""]"
"1004073518","[""http://ap.rdcpix.com/3e52d8f0adb7d5e31b5d9140249020d5l-m3138190445s.jpg""]"
"1004136861","[""http://ap.rdcpix.com/869e1b226443f4aca806a66d51e532b7l-m2870326188s.jpg""]"
"1005000092","[""http://ap.rdcpix.com/4051af6c660cc1a5b542025691017bdbl-m3713814655s.jpg""]"
"1005529519","[""http://ap.rdcpix.com/d48811325d5c5dc52e6ddc628cc2e810l-m2783427232s.jpg""]"
"1005847516","[""http://ap.rdcpix.com/8fd14f25244013e89c56d797780268e9l-m3017938451s.jpg""]"
"1006002084","[""http://ap.rdcpix.com/3bb3db9de968dddc31cc90d0b565919fl-m1248502699s.jpg""]"
"1006278139","[""http://ap.rdcpix.com/23cbc87333555f69b1d28588e3357deal-m4038945595s.jpg""]"
"1006866537","[""http://ap.rdcpix.com/dfcfd3c5a38555f0e6db95ec181e88f4l-m3067060270s.jpg""]"
"1006870174","[""http://ap.rdcpix.com/19bbb94a6cbe4fc9c813ff4a655f7915l-m1877415753s.jpg""]"
"1007451940","[""http://ar.rdcpix.com/6955412797254d5ad1acb87d6f8351e0c-f4195288423s.jpg""]"
"1009750903","[""http://ap.rdcpix.com/303338a536eb3679200a37618bff6933l-m2216921889s.jpg""]"
"1009902046","[""http://ap.rdcpix.com/4be050ffae1acede958574a42cf00e8el-m2020986414s.jpg""]"
"1010403837","[""http://ap.rdcpix.com/aae424d03debdbe3757b1e62638f19c2l-m132148923s.jpg""]"
"1010947602","[""http://ap.rdcpix.com/2965df22e3df311ec942fdc00e94d4aal-m1517709858s.jpg""]"
"1011078107","[""http://ap.rdcpix.com/f4cc1559f0489ba43672b422c01b6cfbl-m3564132369s.jpg""]"
"1011372751","[""http://ap.rdcpix.com/77134c189930595d53e6f2bab2aed3efl-m3843633857s.jpg""]"
"1011409987","[""http://ap.rdcpix.com/dbaf7590d1df4ce52dda765233633848l-m1778737058s.jpg""]"
"1011418056","[""http://ar.rdcpix.com/a94a67283053e5e785ddfa5284e5b7e4c-f3235425519s.jpg""]"
"1011591637","[""http://ar.rdcpix.com/304657ef954e9f2f9ac292ea6bafdf9fc-f274256631s.jpg""]"
"1012069432","[""http://ar.rdcpix.com/d791a98a718a296dfdfcb874aa395866c-f1390280006s.jpg""]"
"1012232650","[""http://ap.rdcpix.com/81d61476b81e35103cafd0432884f4a0l-m2075162465s.jpg""]"
"1012349706","[""http://ap.rdcpix.com/92494e8f08a7c99bc611f555156023a0l-m3180920805s.jpg""]"
"1012472357","[""http://ap.rdcpix.com/7cabf919c2fcdea002ec49f8819c2c9bl-m628259121s.jpg""]"
"1013214160","[""http://ap.rdcpix.com/c62504b0da89607c8643e0113bd3e51el-m4018657222s.jpg""]"
"1013281355","[""http://ap.rdcpix.com/4424ac1bc1b1481400bbd84bac9ae6e1l-m405017379s.jpg""]"
"1013548514","[""http://ap.rdcpix.com/4e320cabf1fe85d08ec8e8539b58504fl-m1055382821s.jpg""]"
"1013597488","[""http://ap.rdcpix.com/8260f73242a731b308919428850a3df0l-m3170057559s.jpg""]"
"1014142323","[""http://ap.rdcpix.com/29a88ac6b943291beb7b5c4d22464c3dl-m947099173s.jpg""]"
"1014322691","[""http://ap.rdcpix.com/1baeacc2d30f7a7725b6e445d115e7d9l-m3829379012s.jpg""]"
"1015752463","[""http://ap.rdcpix.com/45671af9eb65e9ba30ba99ee3fcbd522l-m2011189971s.jpg""]"
"1016995017","[""http://ap.rdcpix.com/45841897cd36f4cb5f1fdc89d2087bbdl-m2480024729s.jpg""]"
"1017535450","[""http://ap.rdcpix.com/7aa034d3f33fd1933008a0fd5e64fffbl-m313375306s.jpg""]"
"1018096365","[""http://ap.rdcpix.com/9fdf9fa1b417b4c6f8ec6102ebe7bf49l-m3642559861s.jpg""]"
"1018219535","[""http://ap.rdcpix.com/7dd7aab1d66cb01b10d112122c9ee37el-m360689819s.jpg""]"
"1018858651","[""http://ap.rdcpix.com/6887fc952fd8c88a509e5b6880ce42cal-m3169636571s.jpg""]"
"1019054364","[""http://ar.rdcpix.com/626a81f884a228e5c42c382526dc8769c-f1339561177s.jpg""]"
"1019122813","[""http://ap.rdcpix.com/a6d3b176156a8334fb7ee0a754a254c5l-m2120712505s.jpg""]"
"1019349741","[""http://ap.rdcpix.com/03dd2a31ae04f282523fef3f709d627bl-m776663624s.jpg""]"
"1019422531","[""http://ap.rdcpix.com/41faad8db2e4ff85b4efee8ca06af1f1l-m1852716747s.jpg""]"
"1020192857","[""http://ap.rdcpix.com/862e7c2806821d5083b08be22f69710dl-m3803896609s.jpg""]"
"1020694066","[""http://ap.rdcpix.com/1aa4d04cfceeb71f186692b3f9121f06l-m1865987054s.jpg""]"
"1021199404","[""http://ap.rdcpix.com/c724b3349e237db5b7d76349d4e1eb8cl-m1590921590s.jpg""]"
"1021211480","[""http://ap.rdcpix.com/0dfca3dc0cd6c6d0583d571b4a692c66l-m518632921s.jpg""]"
"1021263084","[""http://ar.rdcpix.com/fa1a93b2b99cc2828138d53733f624bfc-f3941038052s.jpg""]"
"1021634184","[""http://ap.rdcpix.com/ffb29c0304de716dd5f045f7b4642c21l-m3202257573s.jpg""]"
"1021895901","[""http://ap.rdcpix.com/8768a9ecf4d00b136b1951f597d63daal-m2374275647s.jpg""]"
"1022521626","[""http://ap.rdcpix.com/7c2f550326641c178c9d0c82c7283e7al-m142334424s.jpg""]"
"1022965943","[""http://ap.rdcpix.com/0218d1556ad823df7ea75d37a63c39d8l-m2761714744s.jpg""]"
"1023017731","[""http://ap.rdcpix.com/a2f48b43eee568a5c4cca97a8dd43c24l-m1806299226s.jpg""]"
"1023050106","[""http://ap.rdcpix.com/f4ba8b0993f734338068fc8d4b0a11c4l-m3688765006s.jpg""]"
"1023153464","[""http://ar.rdcpix.com/b19a1c77a8d52f6d4a1f201577d864b2c-f1563821876s.jpg""]"
"1023213445","[""http://ap.rdcpix.com/1bd191b78fdf60795bb2ce7c933e7c29l-m690951012s.jpg""]"
"1023428880","[""http://ap.rdcpix.com/69c86ca0662d1e5f61dc997a3bd2bbcdl-m3913796881s.jpg""]"
"1023583261","[""http://ar.rdcpix.com/1881266147e2fb52148587f3fe0307ebc-f1841167653s.jpg""]"
"1024657432","[""http://ap.rdcpix.com/d4a2360ca2479abcd033535858002326l-m1929885993s.jpg""]"
"1024962101","[""http://ar.rdcpix.com/a2736e58efcb30e856ff97c7208e4778c-f1982736967s.jpg""]"
"1025008938","[""http://ap.rdcpix.com/5528ac5db74058cf0c728b9830dd9db8l-m3591387281s.jpg""]"
"1025567529","[""http://ar.rdcpix.com/423edd87f9bf6286d3a43c2c7b6ce466c-f1082825610s.jpg""]"
"1025614639","[""http://ap.rdcpix.com/721dc71e9f0a3ab83af66aa4335ed0e2l-m820708375s.jpg""]"
"1025676576","[""http://ap.rdcpix.com/36328918700ff98b66af092c0d80b3bcl-m477615982s.jpg""]"
"1025919767","[""http://ap.rdcpix.com/77e4a131b7230c049c5d2468ae6733b4l-m4076079997s.jpg""]"
"1026005548","[""http://ar.rdcpix.com/dc6c7c85a47ed6a3fa8c8ecaae938cd5c-f3919323282s.jpg""]"
"1026346996","[""http://ap.rdcpix.com/7132f600354220aedfafe45ad23d1745l-m861502700s.jpg""]"
"1026385484","[""http://ap.rdcpix.com/d53a4121636215cae92ef24489a277fal-m2578344066s.jpg""]"
"1026650472","[""http://ap.rdcpix.com/61a4dea12027d7b4ec6de7b2ccb081b7l-m999941013s.jpg""]"
"1026881314","[""http://ap.rdcpix.com/fba9b617f47967acecc918a801916a19l-m2874962894s.jpg""]"
"1026913689","[""http://ap.rdcpix.com/5fa7029bb8cd70387fbd3da0204b2191l-m3196941857s.jpg""]"
"1027129396","[""http://ap.rdcpix.com/77155cf3a8854ef8678e361e222ee048l-m3075137913s.jpg""]"
"1027523426","[""http://ap.rdcpix.com/ce7a30eec6c59c0e226f7905cd5c9e31l-m595087569s.jpg""]"
"1027531985","[""http://ap.rdcpix.com/8ffd52490685a5b1c69fbc2877763a5dl-m2325723703s.jpg""]"
"1028025185","[""http://ap.rdcpix.com/9c8b67049f721aecef475e42b2ac8206l-m591025809s.jpg""]"
"1028696155","[""http://ap.rdcpix.com/7638a5f96edb0dead6e5fb00843987a5l-m433369434s.jpg""]"
"1028719420","[""http://ap.rdcpix.com/271abb75d35161a063d7f9dd8d41792el-m1270058053s.jpg""]"
"1028743570","[""http://ar.rdcpix.com/55aa6feb67a62b36cf4d3e12b747f84fc-f2377945362s.jpg""]"
"1029058147","[""http://ap.rdcpix.com/40c31b1069a90a22c6c5adab42b2abe5l-m2796867725s.jpg""]"
"1029358720","[""http://ap.rdcpix.com/95a96ef475e66ab306e0c7c7971cbc84l-m2560066170s.jpg""]"
"1029380394","[""http://ap.rdcpix.com/3a67306d187bf03f2ad56d2853b2ec2cl-m600670353s.jpg""]"
"1029681151","[""http://ap.rdcpix.com/ee7766aab29b53569ec3f66db16f694al-m1613086385s.jpg""]"
"1029837398","[""http://ap.rdcpix.com/5a665d04decb311024bb9e7a8275ab72l-m2097867898s.jpg""]"
"1030582717","[""http://ap.rdcpix.com/7279634d87a2fb088f90dcf65d6f6469l-m2767781515s.jpg""]"
"1030806313","[""http://ap.rdcpix.com/ebd6bd0574e571bb4b8b84c55dd2bc05l-m261117614s.jpg""]"
"1031000347","[""http://ap.rdcpix.com/7ce510e15eea9d265fe79fbaba1f6737l-m2857460962s.jpg""]"
"1031101292","[""http://ap.rdcpix.com/4f49c92f26fc5424fc6838e365089865l-m673799289s.jpg""]"
"1031324032","[""http://ap.rdcpix.com/b0a6ec0057829ceedca159234870f1a3l-m4225456524s.jpg""]"
"1032137555","[""http://ap.rdcpix.com/8f2f7d726b447b6be7629425cf70641dl-m426753490s.jpg""]"
"1032387287","[""http://ap.rdcpix.com/7c26243500b685048e9343930c7001d3l-m3829729304s.jpg""]"
"1032499085","[""http://ap.rdcpix.com/95cff674176f319fa0a648cf99f4615bl-m786807653s.jpg""]"
"1032677315","[""http://ap.rdcpix.com/b2a54b7456a7ccc92a0ca28e56844929l-m3809411111s.jpg""]"
"1032981555","[""http://ap.rdcpix.com/fcf416b8588cebce8385a6a91133db44l-m2190099041s.jpg""]"
